{"cameraMode":{"drawMode":0,"name":"Shaded","section":"Shading Mode"},"sceneLighting":true,"audioPlay":false,"sceneViewState":{"m_AlwaysRefresh":false,"showFog":true,"showSkybox":true,"showFlares":true,"showImageEffects":true,"showParticleSystems":true,"showVisualEffectGraphs":true,"m_FxEnabled":true},"in2DMode":false,"pivot":{"x":1.8724350929260255,"y":2.1443400382995607,"z":-8.406489372253418},"rotation":{"x":0.34360912442207339,"y":-0.6019493937492371,"z":0.3202984631061554,"w":0.6457595229148865},"size":1.2006770372390748,"orthographic":true}