{"cameraMode":{"drawMode":0,"name":"Shaded","section":"Shading Mode"},"sceneLighting":true,"audioPlay":false,"sceneViewState":{"m_AlwaysRefresh":false,"showFog":true,"showSkybox":true,"showFlares":true,"showImageEffects":true,"showParticleSystems":true,"showVisualEffectGraphs":true,"m_FxEnabled":true},"in2DMode":false,"pivot":{"x":0.8516313433647156,"y":-0.16618892550468446,"z":-6.6418890953063969},"rotation":{"x":0.27862948179244997,"y":-0.017653843387961389,"z":0.00454335892572999,"w":0.9605607390403748},"size":3.9201955795288088,"orthographic":false}