{"cameraMode":{"drawMode":0,"name":"Shaded","section":"Shading Mode"},"sceneLighting":true,"audioPlay":false,"sceneViewState":{"m_AlwaysRefresh":false,"showFog":true,"showSkybox":true,"showFlares":true,"showImageEffects":true,"showParticleSystems":true,"showVisualEffectGraphs":true,"m_FxEnabled":true},"in2DMode":false,"pivot":{"x":1.1042667627334595,"y":2.3180642127990724,"z":-6.703070163726807},"rotation":{"x":-0.2531164586544037,"y":0.24160361289978028,"z":-0.06497958302497864,"w":-0.9348493218421936},"size":3.6201956272125246,"orthographic":false}